Source,SS,DF,MS,F,p-unc,np2
bino,2.4910851630852804,3.0,0.8303617210284268,324.69933629569135,2.9971219735652e-86,0.7944699378243508
layer,3.077167451457604,1.0,3.077167451457604,1203.2758782780916,6.124887322053109e-98,0.8268369566475802
bino * layer,0.03892320567320737,3.0,0.012974401891069123,5.073427129620158,0.0019887826015343568,0.056957807654995446
Residual,0.644445892887833,252.0,0.002557324971777115,,,
